{
  "system": "Custom_Smart_Explorer",
  "total_time": 70.61180806159973,
  "final_cells_mapped": 10691,
  "moves": 44,
  "stuck_events": 10,
  "emergency_stops": 7,
  "distance_traveled": 18.087128116595856,
  "mapping_history": [
    [
      9.218174695968628,
      775
    ],
    [
      9.845825433731079,
      1336
    ],
    [
      10.398634195327759,
      1688
    ],
    [
      10.92711591720581,
      2090
    ],
    [
      11.636585235595703,
      2531
    ],
    [
      13.295393943786621,
      3034
    ],
    [
      14.01512360572815,
      3203
    ],
    [
      14.568766832351685,
      3475
    ],
    [
      15.153087854385376,
      3599
    ],
    [
      19.995620489120483,
      3725
    ],
    [
      20.684889554977417,
      3783
    ],
    [
      22.35553479194641,
      3976
    ],
    [
      23.09285831451416,
      4059
    ],
    [
      23.795138359069824,
      4103
    ],
    [
      24.519041299819946,
      4145
    ],
    [
      25.235098600387573,
      4247
    ],
    [
      27.171831607818604,
      4298
    ],
    [
      27.917619228363037,
      4619
    ],
    [
      29.617104530334473,
      4786
    ],
    [
      30.36277747154236,
      4850
    ],
    [
      31.10002565383911,
      4913
    ],
    [
      31.684014558792114,
      5002
    ],
    [
      33.452799797058105,
      5164
    ],
    [
      35.21780276298523,
      5204
    ],
    [
      39.731369495391846,
      6296
    ],
    [
      40.4788498878479,
      6763
    ],
    [
      41.21090364456177,
      7163
    ],
    [
      42.864910364151,
      7284
    ],
    [
      43.57489228248596,
      7334
    ],
    [
      48.59487056732178,
      7355
    ],
    [
      50.345747232437134,
      7552
    ],
    [
      52.0919508934021,
      7561
    ],
    [
      53.94127535820007,
      7562
    ],
    [
      60.07093000411987,
      8323
    ],
    [
      60.842822790145874,
      8593
    ],
    [
      61.58882665634155,
      9398
    ],
    [
      62.32812809944153,
      9555
    ],
    [
      64.10850763320923,
      9626
    ],
    [
      64.87278246879578,
      9830
    ],
    [
      65.57251763343811,
      10076
    ],
    [
      66.26418662071228,
      10107
    ],
    [
      66.52331781387329,
      10429
    ],
    [
      69.65196871757507,
      10635
    ],
    [
      70.25989603996277,
      10691
    ]
  ],
  "efficiency": 591.0833345726383
}