{
  "system": "ROS2_Nav2_Explorer",
  "total_time": 41.13690519332886,
  "final_cells_mapped": 1893,
  "goals_sent": 0,
  "goals_reached": 0,
  "goals_failed": 0,
  "distance_traveled": 0.0,
  "mapping_history": [
    [
      5.021600246429443,
      1893
    ],
    [
      11.045420408248901,
      1893
    ],
    [
      15.046603202819824,
      1893
    ],
    [
      21.045709133148193,
      1893
    ],
    [
      25.046589374542236,
      1893
    ],
    [
      31.045600175857544,
      1893
    ],
    [
      35.04680895805359,
      1893
    ],
    [
      41.046677350997925,
      1893
    ]
  ],
  "efficiency": 18930.0
}